任性的,切糕
傲娇的,水果
稳稳的,土豪
嚣张的,幸福
钛合金,一百块
不败的,节奏
超级,老王
泪奔的,寂寞
无语的,妹纸
寂寞的,青春
忧伤的,小清新
绝对,老烟枪
笑死了,肌肉男
文艺的,文盲
抠脚的,灰机
忧郁的,钙片
高冷的,基友
吐槽的,大鸭梨
装懂的,光棍
我就是,女神
就喜欢,裤衩
辛苦的,茶叶蛋
吹牛的,二麻子
装酷的,激情
村里的,浮云
磨叽的,小笼包
骨灰级,河蟹
霸气,炮灰
拍砖的,么么哒
吓坏了,喵星人
潜水的,汪星人
极品,兔斯基
疯狂的,石头
秀逗了,卡哇伊
扯淡的,马赛克
穿越的,水军
弱爆了,伤不起
躺枪的,马甲
作死的,月光族
有范的,咸猪手
惊呆了,思密达
点赞的,怪咖
山寨版,学霸
浪漫的,学弱
醉了的,学渣
高端的,挖掘机
碉堡了,水表
飞来,神坑
幽默的,小强
魔鬼的,小明
专业的,怪蜀黍
最权威,跑车
诱惑的,山寨机
华丽的,小萝莉
彪悍的,小正太
早起的,御姐
威武的,爷们
内涵的,葫芦娃
超前卫,蛇精病
流弊的,大湿
笑嘻嘻,神龙
特色的,杀马特
超八卦,眼镜男
固执的,滑板鞋
无厘头,泡泡糖
无下限,冰激凌
奔腾的,地雷
汹涌的,忍者
纠结的,拉面
糗大了,功与名
笑喷的,女汉子
无奈的,猛男
腹黑,熊孩子
灰溜溜,程序猿
邪恶的,辣条
专尾随,奇葩
立志做,好评
我不是,朱丽叶
非主流,罗密欧
嘻唰唰,单身狗
专职,灰太狼
为何是,喜羊羊
高素质,朋友圈
卖萌的,老中医
重口味,战神
梦游的,广场舞
游离的,社会摇
只想做,鸟人
巨能,剪刀手
豪放的,肥皂
错过,高富帅
谁是,白富美
很宅的,忧桑
牛哄哄,神曲
欢乐多,耗子
高仿真,二师兄
帅气,电动车
绝不是,鱼尾纹
绝不做,馒头
没人管,回忆
爱游戏,宅男
爱生活,腐女
虚荣的,大怪物
暗黑的,动画片
不需要,臭豆腐
自来熟,土皇帝
隔壁的,一巴掌
逆天的,白羊座
厚脸皮,金牛座
阳光下,双子座
黄昏的,巨蟹座
杠杠的,狮子座
黑心的,天秤座
温顺的,天蝎座
抖腿的,射手座
磨牙的,摩羯座
暴走的,水瓶座
热血的,双鱼座
纯洁的,香蕉
黑化的,芒果
中二的,苹果
呆萌的,西瓜
路过的,西红柿
非凡的,麦霸
飞着的,蔬菜
跑着的,霍克
睡着的,巴斯
笑着的,奥克
哭着的,霍利
坐着的,诺维斯
笑看,伊巴卡
坐看,伊莱恩
围观,伊西斯
最佳,伊蒙
年度好,西蒙
某某,莱恩
包邮,路西法
亲爱的,莉莉
超赞的,隆多
春天里,基德
千年等,杜兰克
坐等,科迪
传奇的,伦多
犀利的,尤里
龅牙的,魔导师
色眯眯,圣逗士
此生为,猎人
萌翻了,祭祀
强壮的,小伙伴
强横的,香水
狂舞的,香烟
高天赋,小棉袄
变异的,泡沫
穿越的,彩虹
重生的,月光
超坚强,花儿
咆哮的,史努比
趣味的,大黄蜂
恶趣味,擎天柱
敲代码,杜甫
开锁的,特工
办证的,间谍
送餐的,良民
镜中的,大神
曾经是,菜鸟
去哪了,狠茬子
黑皮肤,和事佬
一怒为,维生素
一笑为,风筝
无知的,路人甲
瞌睡中,路人乙
最美丽,路人丙
最嚣张,勇士
最疯狂,骑士
最霸气,法师
最强势,伪娘
所罗门,先行者
婆罗门,好人卡
创世,流星
主宰,海盗
圣光之,白胡子
领域之,小白
圣域之,黛安
惩戒之,吉姆
裁决之,李雷
乐章之,安东尼
地狱之,赫尔
冰之,打酱油
火之,防腐剂
异能者,小板凳
吟唱者,弹珠
歌颂者,欧巴
黑暗之,战斗机
精灵族,征途
巨人族,小苹果
无上神,绅士
败家的,女士
阔绰的,泡菜
杯具的,小蛮腰
读书少,斗地主
有文化,话唠
无情的,神回复
冷漠的,短消息
甜美的,神话
文艺范,主宰者
分分钟,人生
超配合,游戏王
跑酷的,拳皇
机智的,篮球帝
机灵的,王者
,小盗贼
,神马
,快递哥
,演员
,影帝
,流浪汉
,设计狮
,如花
